{
  "usingComponents": {
    "w-cell": "/dist/w-cell/index",
    "w-cell-group": "/dist/w-cell-group/index",
    "w-input": "/dist/w-input/index",
    "w-checkbox": "/dist/w-checkbox/index",
    "w-button": "/dist/w-button/index",
    "w-form": "/dist/w-form/index",
    "w-switch": "/dist/w-switch/index",
    "w-radio": "/dist/w-radio/index",
    "w-date-picker": "/dist/w-date-picker/index",
    "w-address-picker": "/dist/w-address-picker/index",
    "w-cell-picker": "/dist/w-cell-picker/index",
    "w-number": "/dist/w-number/index",
    "w-vcode": "/dist/w-vcode/index",
    "w-validate": "/dist/w-validate/index",
    "w-pane": "/dist/w-pane/index",
    "w-toast": "/dist/w-toast/index",
    "w-popup": "/dist/w-popup/index"
  }
}