{
  "navigationBarBackgroundColor": "#000000",
  "backgroundTextStyle": "light",
  "navigationBarTitleText": "家族树",
  "usingComponents": {
    "tree-chart": "../../../component/treechart/treechart",
    "w-dialog": "../../../dist/w-dialog/index",
    "w-toast": "../../../dist/w-toast/index",
    "w-button": "../../../dist/w-button/index",
    "w-pane": "../../../dist/w-pane/index",
    "w-icon": "../../../dist/w-icon/index",
    "w-loading": "../../../dist/w-loading/index",
    "w-tabs": "../../../dist/w-tabs/index",
    "w-input": "../../../dist/w-input/index",
    "ec-canvas": "../../../ec-canvas/ec-canvas",
    "menu": "../../../component/menu/menu",
    "movemenu": "../../../component/movemenu/movemenu"
  }
}